id,prediction
0,-13.355540254614084
1,-11.058984303691375
2,3.1216915448364944
3,-12.76449753106374
4,146.7076266016489
5,520.6066729518203
6,1270.7209612131776
7,2202.722355494997
8,2786.904471600364
9,2656.36633722422
10,2478.0621772512623
11,2498.0357802746557
12,2403.004803054685
13,1938.8391844670898
14,2587.832924201068
15,2202.3986821869157
16,1139.2186215654974
17,691.0118173743708
18,370.0398736608389
19,101.76242211632282
20,-3.6853355892645823
21,0.15411654992010426
22,13.533205737857202
23,-2.885537698101359
24,-5.826654678909563
25,7.213472333096206
26,14.02421383163005
27,25.46503996374213
28,470.00563288596015
29,1140.8286371501906
30,2023.2936422299736
31,2707.6930535927368
32,3313.014801913349
33,3989.133883616545
34,4072.734049800218
35,3940.851762039783
36,3366.274865951352
37,3414.3296474942535
38,3419.4965078294313
39,3049.218293333294
40,2352.3992338926646
41,1375.3219294650198
42,544.7412879480439
43,259.3285129200147
44,8.396782040381709
45,28.203340829212834
46,22.28845799075401
47,75.4073064122025
48,-45.15093483090368
49,-11.296326068568533
50,-16.01260414243808
51,133.3632607302229
52,482.63694293499566
53,1112.2932914670705
54,2180.6954281465723
55,3508.5382134908423
56,4319.438797790184
57,4362.010740279738
58,4323.961134157376
59,4348.135019152627
60,4059.609582428433
61,3865.689163088164
62,3182.7951608560684
63,2403.31880059077
64,1553.7835102496483
65,859.9739949751139
66,416.5958690684088
67,162.34043098517822
68,-19.039497256756988
69,5.9866430076702954
70,-11.441544005759283
71,-21.20181364575882
72,-5.3760941637718815
73,-7.773760233285373
74,-12.827379070757843
75,57.57241436593449
76,274.6276871980595
77,673.4920056789399
78,1838.0460061337194
79,3176.899092625574
80,3927.6637611315723
81,3233.1645199989616
82,3201.5409785332413
83,3160.0637145523942
84,3424.898416215179
85,2292.12748066909
86,2422.4334725241088
87,3178.095785590638
88,2461.042841942383
89,1231.2375481859876
90,308.71730539212933
91,149.90052919110403
92,-34.33647631305968
93,-67.6506470325026
94,-19.43179442847537
95,-21.607029152192467
96,7.005950081292212
97,-11.89078363192857
98,-27.970096549530922
99,127.0142567369056
100,428.9551486918914
101,1016.6377751313236
102,2191.66535386355
103,2837.4700112413916
104,4357.088673636175
105,4247.345996629926
106,4264.81014854672
107,4573.202180301781
108,4486.380941652492
109,3784.3343411502756
110,3082.568428054452
111,3024.6130625388387
112,2043.7484933731641
113,1530.702565080778
114,537.9269627462138
115,215.1049461350347
116,-0.40921029487964233
117,32.10383493135609
118,40.23863548527771
119,-3.297410255611794
120,-35.11247261476524
121,-49.68933945325051
122,-32.75950999300164
123,148.41440769832894
124,567.291857364632
125,1167.265025134178
126,2263.2794688622125
127,3365.1208040919287
128,4127.940999958539
129,4094.105312330432
130,3864.9808094629393
131,2807.529106497692
132,2501.2062412740506
133,3010.820911671184
134,2589.490378136686
135,2645.072248625949
136,1695.2409057936866
137,958.7308015151167
138,496.68770851106166
139,265.2203321180109
140,21.610098920978544
141,-8.20586815471097
142,-24.296683597452216
143,-14.154283272633847
144,-18.849117709568986
145,-23.47954215139191
146,-11.868555879660448
147,230.87781503163714
148,651.5257060347408
149,1212.0811462228203
150,2409.9328785031703
151,3684.763321388707
152,4246.765101302095
153,4038.1489576927565
154,4059.344824289047
155,3672.3832462930673
156,3748.9359641116207
157,3353.2809922197175
158,3239.903261466947
159,2632.1426600571176
160,1808.867829895506
161,1082.0172528591484
162,584.0590441163895
163,257.2251414512292
164,85.80279343584584
165,4.982255202148394
166,11.841563565751642
167,-7.578742617836326
168,1.1423834551649747
169,3.7945702456319736
170,-19.30434596857509
171,25.689696299362993
172,137.1728872983997
173,152.5753281107348
174,295.1337531447542
175,437.36647499986896
176,611.4656129273014
177,642.9151351373616
178,655.7135109512919
179,884.5652743543958
180,1739.7192852698329
181,2346.324514085411
182,2224.5911763656004
183,1829.163867994935
184,1588.5968873450836
185,981.7686628556179
186,346.14174101632614
187,161.5448079439011
188,7.517132614478896
189,0.17039867666409236
190,13.627504352809183
191,7.624419131839318
192,-5.509472756416187
193,-3.295592984680127
194,-3.3490861877392035
195,143.75879266036748
196,347.3915192621176
197,695.9623848914689
198,1054.6947610458906
199,1823.4361340380958
200,2681.5515658387612
201,1925.2208434855534
202,2319.8485385807053
203,3116.7374445957876
204,2306.666755051141
205,3069.2230559311383
206,2420.1173010650577
207,2039.036497565264
208,551.3397228117
209,474.6604442789885
210,287.5389772897943
211,122.49257234064922
212,36.45213891668132
213,11.453502740595809
214,27.693177184946137
215,-0.19014762472147595
216,2.1991048133442064
217,-4.490226353563401
218,9.500883991708008
219,64.47733942571494
220,134.86582032115626
221,194.3093420297427
222,560.8972400183105
223,920.4915684059919
224,1729.9508194756745
225,2107.511174662138
226,1299.6868703762118
227,1535.2622454883854
228,1576.1215180896738
229,1069.6995988463195
230,926.7756181963673
231,756.3267680819984
232,431.2650031737858
233,311.0896576999831
234,189.225445501056
235,126.78499751588328
236,20.219784860871243
237,30.441853545221306
238,9.85606948435202
239,9.9374706263863
240,16.288470905172574
241,7.090327049713437
242,24.47578757190746
243,75.81676533534196
244,198.97434378346776
245,581.6863757147353
246,1013.744904167746
247,1868.2791579685543
248,2203.5145437930432
249,2105.810069938082
250,1140.4631034814884
251,1707.0399239537392
252,2440.769469175572
253,2943.133577245332
254,2318.9731001669807
255,1964.8240931295234
256,1722.1242993152925
257,1047.262053702298
258,609.5211484950879
259,498.4566860386257
260,175.46019834489363
261,53.999472016969776
262,12.39820876996265
263,-1.269032284043817
264,-13.81513376409481
265,-19.16769122316373
266,24.487993562883048
267,154.2277689372744
268,303.9940058489491
269,697.4028241281594
270,862.9025944364209
271,1358.4664528718138
272,1298.8359288037866
273,1703.3005187894878
274,1540.5585255945964
275,1395.075983174592
276,1471.3023782869946
277,918.908913111775
278,1767.386803213562
279,1594.9159407990594
280,793.3814080238694
281,635.2587877012455
282,189.86550675119776
283,108.25727110400194
284,2.4011502549597026
285,-18.793960905964298
286,-10.10096531947687
287,-12.686049887843069
288,-28.29225594416596
289,-29.28283601160723
290,13.483097824834545
291,135.48773116509818
292,295.59516895331126
293,597.4566210192559
294,1201.9275491802268
295,1611.1722989667178
296,1613.0516018498965
297,2165.635832355013
298,2607.6267984364176
299,2448.032534143766
300,1948.8934423929757
301,1620.159179628238
302,1945.1968695148882
303,1867.1745219774084
304,1200.7356621117035
305,968.0968264794043
306,517.7165816964254
307,316.0499135861356
308,40.514490113564534
309,-8.84624210826587
310,-26.27935938913305
311,-15.398425136092499
312,-18.311427504774315
313,-24.383103099039772
314,28.537347701680005
315,126.81829701223947
316,354.1481952872012
317,657.7214849109293
318,1053.704749218457
319,1624.147511297037
320,2124.859487464556
321,3029.000755059019
322,2797.7189006965946
323,2748.000756388084
324,2642.8550474785393
325,1892.134236283271
326,1493.3248968132852
327,1113.2990056155286
328,834.9534056367625
329,589.6593161197204
330,254.30779456280356
331,129.9817551851264
332,2.6677596390568965
333,-4.52526842535292
334,-6.805107215698968
335,-3.636180932219702
336,-12.106207941358207
337,-7.443315951278919
338,12.547708136408176
339,84.56885115185517
340,174.0743936364637
341,422.1661588926246
342,684.9334112704248
343,925.2468045043748
344,1074.2225885810424
345,1090.7396113078323
346,1234.0627424824647
347,1461.6963348806162
348,1726.8096612807115
349,1373.8490888078836
350,1162.2625765052733
351,1305.4815959082928
352,1028.4934987217187
353,652.7348018632741
354,318.2971305210203
355,212.78251478399824
356,74.56561159933707
357,21.787354358010816
358,6.452626200421207
359,-10.181287355544725
360,-7.0001502537434135
361,-13.150494355898218
362,12.507390105398486
363,98.54906870554203
364,274.1533254598475
365,436.87262994124706
366,682.2092026119359
367,1047.9095914386112
368,1388.3463636596716
369,1882.5028862895904
370,1794.198255940418
371,1920.6970373881043
372,2352.9866780550983
373,1966.6596423750816
374,1644.583016038391
375,1409.325870846796
376,1082.9027043980482
377,961.6840714498321
378,455.5903349434142
379,141.26832156232408
380,22.05772154964791
381,-4.416507015987293
382,-4.318621270273184
383,2.436550263071524
384,-3.3093603537761282
385,5.8802302404643
386,17.650566474474374
387,92.74741468902468
388,220.53589724890998
389,437.0752754232651
390,577.6839996517466
391,744.6851435976132
392,942.1404700069282
393,1101.210714269976
394,1222.5235855656424
395,1449.595674529478
396,1701.1636697278157
397,1581.6886676169408
398,1193.6949217609813
399,1264.012152114112
400,959.2388150537314
401,874.767139117405
402,543.2865278807824
403,420.2502793544455
404,128.52803915946947
405,-24.746631460364426
406,-18.643080766408275
407,-16.647734656909222
408,38.18860441496997
409,41.153368700833596
410,107.79612145925876
411,429.2586904399825
412,860.3023222651625
413,1734.050068833855
414,2773.009825298584
415,3984.8695406701236
416,4615.449927006552
417,4577.275355126415
418,4742.152011254236
419,4600.352882005271
420,4145.617025306148
421,3798.9971515941447
422,3295.845667642682
423,3238.23515523842
424,2649.6675012165474
425,1826.0959713397222
426,772.5685711403621
427,418.70035440963005
428,27.157334303931236
429,-29.450821422439276
430,-13.534057882184015
431,-17.548127721619664
432,26.20936266002616
433,5.373371062204683
434,46.940294915559036
435,313.700836090497
436,572.8470767455258
437,1359.9433004107693
438,1607.6066196344045
439,2214.349317897998
440,3616.4801795107965
441,3800.2037611266824
442,3962.747682250255
443,3368.5281526333547
444,1286.2161752815462
445,864.1885945406607
446,1178.6988254585353
447,1234.9620485505102
448,1362.2702815038178
449,910.2806011044529
450,293.4143651601925
451,220.4917480376912
452,41.81743750018953
453,1.1599789922503874
454,7.0418700310275995
455,8.706604647241647
456,-18.391203153998333
457,-17.74623292449661
458,8.775685321269634
459,107.16598877281308
460,293.79549550276977
461,736.1478055149735
462,1547.4493607713725
463,2762.61474650643
464,3044.8026607930733
465,3756.1505773662097
466,4460.559214679482
467,3730.377293466632
468,3636.490334279865
469,3738.3581328818645
470,2965.513733945596
471,3202.462458086978
472,2516.8696766241715
473,1726.238704747523
474,804.63579506523
475,400.79486824017164
476,146.7882280772865
477,24.894403404928937
478,13.326122137883203
479,12.925762953871413
480,-7.892619021726887
481,-14.900383902549208
482,31.818173979259683
483,214.6912351145788
484,606.7681874365146
485,1341.7988785885032
486,1863.9531261224288
487,3329.7618498134634
488,3940.879255693307
489,4215.905573040138
490,4207.66149275315
491,4369.0635331285985
492,4330.518730904185
493,3730.887220325937
494,3099.212728231835
495,3295.3192090343014
496,2331.268352291193
497,1751.215043555497
498,802.3431238015868
499,496.33827427705353
500,191.5232184595808
501,-1.5579371094692078
502,17.82941438742631
503,16.530505674207518
504,1.3650152096179795
505,31.944801643827503
506,77.84063100696358
507,259.78467966576704
508,538.4355495351167
509,1064.4711250964679
510,2042.2799066721884
511,3173.440449206797
512,3997.0361970369872
513,4291.144773548685
514,4411.25967759529
515,4032.9358353175044
516,3722.334851156854
517,3475.933359436736
518,3119.523860511424
519,2296.463834705163
520,1841.5034236746994
521,1121.4597471007319
522,499.03697917914633
523,282.4664377175765
524,98.35733642271799
525,-1.3360566503142763
526,7.821146946015233
527,3.2833439953951142
528,37.26263354430955
529,-36.848079271073345
530,-28.461347201855858
531,37.93230452124118
532,212.9165946833886
533,504.11932819043454
534,653.0724120549808
535,1087.6051955045164
536,1377.3210800681748
537,895.0590603951906
538,783.3757543676113
539,2942.372857701352
540,3368.984626024975
541,3626.8093021908094
542,3267.143589289277
543,3044.5118805452244
544,2291.346930491184
545,1395.4236964907536
546,941.607836287152
547,391.42372929061054
548,180.495264435124
549,10.84855318975599
550,17.53607169458064
551,0.3357773376162072
552,-5.811671315880062
553,-6.8600156692297105
554,42.199146882416386
555,136.43121798113913
556,129.07453777897484
557,117.97585072799222
558,354.199791492055
559,417.29086244695975
560,1199.005195153005
561,1415.1470186438726
562,1357.433845480388
563,1317.0363101394232
564,1309.4679723589484
565,1479.8918160367
566,1884.5629901922239
567,2388.4819134420527
568,2098.2554743774617
569,1319.0795700585459
570,524.5499960200866
571,353.4760647417514
572,131.52271392967205
573,-21.569437276751444
574,-20.647650186995747
575,-2.617399536605035
576,21.96324218616246
577,24.906107675778173
578,93.01873094501943
579,251.3288314304328
580,632.5356689396269
581,1407.1860493876331
582,2299.649814538612
583,3424.962794068907
584,4066.4614673873693
585,3799.9351780280217
586,4303.625613625918
587,4316.437228664225
588,4055.3949356062676
589,3622.235213182882
590,2580.0294171981436
591,2469.469177145622
592,2119.592356669781
593,1310.4156182473828
594,794.4486326912548
595,202.52146133807474
596,163.78125138044177
597,-30.000248375301965
598,-84.02421467409175
599,-19.303796811520613
600,-29.92359906486149
601,-31.667465967566557
602,18.38797943467938
603,204.88103896267856
604,473.0269837840484
605,1154.0224431525035
606,2315.463027769629
607,3283.4269845087683
608,4089.4957862829756
609,3478.186011295226
610,4033.6116681823496
611,4326.371804767578
612,4268.330997626267
613,4187.423559480969
614,3284.1986752382077
615,2497.3491165822375
616,2082.7632606262923
617,1133.7288818133084
618,637.7015373931938
619,331.4358247273319
620,57.00254585193326
621,9.401347033886509
622,11.779547341464877
623,10.78220005102412
624,12.672878136906547
625,-4.965904287003752
626,38.741198782231805
627,148.89686319677577
628,448.4190109149828
629,423.5773791257416
630,723.6989092479118
631,646.1568510778235
632,725.7465272148518
633,1143.4736025413717
634,1627.74873134869
635,911.9452086771636
636,977.2922814130045
637,1286.2734245849413
638,610.131156485654
639,694.0347417914163
640,809.0834110489127
641,528.7487079802961
642,220.96611401967112
643,142.36940007519547
644,42.594730775497965
645,12.734415042981595
646,10.633757682747841
647,38.99628636180364
648,43.105398082510305
649,47.49743631520556
650,62.574659997620586
651,149.1066146393944
652,157.04143402805153
653,124.1345542695797
654,181.29891337827678
655,388.47829968516885
656,619.3078890183729
657,323.49879829550156
658,552.6722436291511
659,786.0436083664354
660,537.4995008945011
661,842.4499507764511
662,960.6755261953411
663,829.9050574180957
664,691.7739679992659
665,583.8952138106472
666,311.50788408328145
667,191.65720799857354
668,45.82659032172501
669,9.689534975900756
670,9.723076050188808
671,0.2553677797116052
672,13.546030813583798
673,13.251870698124605
674,66.99862922999415
675,172.03446138899804
676,383.92988540242067
677,930.733135349538
678,1791.2492143037307
679,2842.307308406659
680,3241.863469385018
681,3040.902526119857
682,3505.2161160282535
683,3529.468777373559
684,2810.490431559506
685,2931.4965526813126
686,2092.5877152203225
687,1837.2471917260862
688,1480.987320269988
689,739.1741146688003
690,345.1085377848627
691,227.25633990638022
692,59.87177060920885
693,-22.831588862488616
694,-5.670595220666769
695,28.714893510984552
696,46.3511802702227
697,9.237574927784692
698,51.06900682848877
699,146.09475348916752
700,241.47534211680502
701,330.33496220335167
702,193.94410704329277
703,172.33579365338719
704,787.1749866078005
705,1467.7795499136298
706,2318.966983062459
707,2681.484862959359
708,2007.6078606767928
709,2899.575115263028
710,1899.9465662968707
711,1294.5717815576277
712,693.3868378430218
713,739.3227598326082
714,422.68002557173793
715,276.5497899942621
716,103.25039600545918
717,0.7930477183237485
718,3.103214244524395
719,17.436676193642143
720,0.3198356087341381
721,0.4876166942489135
722,4.810498733943803
723,4.088631601477687
724,27.732063046860787
725,85.39444596862865
726,195.3072842383797
727,308.5278966597219
728,358.3029607566982
729,402.17386912216836
730,512.2643154988955
731,463.6708403846093
732,414.97755438872736
733,288.76578497336413
734,379.47233578953234
735,319.40399861064145
736,180.9174686005316
737,141.17647664801518
738,61.45284994026608
739,19.251079210061334
740,6.473335369614915
741,2.698506063106322
742,5.315167108164758
743,1.6772829967426333
744,1.849748874488057
745,2.8249205769508308
746,3.225914752381584
747,6.587784769072471
748,63.565303125966324
749,161.5233902912707
750,294.84757589639776
751,390.85430399053115
752,514.5077052500463
753,624.2132906516579
754,816.76468990547
755,720.6748850619676
756,586.2655458682939
757,731.3456557295697
758,631.5785998976603
759,414.88824875259803
760,347.9800622518608
761,171.67291810419306
762,70.55700792153806
763,33.66318127342501
764,12.210090300409831
765,-1.2581678241182317
766,3.097794227411157
767,14.881713652966084
768,11.086965809892945
769,8.352719793325605
770,8.57596822851957
771,27.573458139591935
772,106.72481456299184
773,163.65569567540103
774,313.8224758217763
775,535.762339932862
776,687.9375061404303
777,729.7269537231566
778,851.7229231939366
779,989.1421226012494
780,902.1302907475452
781,746.1888487681944
782,654.2466100747738
783,474.56676867445117
784,330.7965939346742
785,185.6328245888273
786,108.13209527432818
787,42.9692226293258
788,15.885177536558729
789,13.562065474669282
790,14.60761755622832
791,10.866251900300881
792,4.456706974043755
793,4.209818790449901
794,5.174288086203774
795,23.402553160285038
796,56.95356651806088
797,120.44710857466845
798,304.3530741833342
799,461.12258433952275
800,574.1636857366657
801,545.2862917157925
802,642.6970762384735
803,574.6853165308194
804,665.1318394116647
805,452.39926383101704
806,426.1601722268134
807,530.7391362502035
808,341.0057979497978
809,240.28353523352848
810,110.50813307883837
811,37.643374935704884
812,6.415756177536991
813,0.6401669632755329
814,5.246609599376427
815,3.9945510938504185
816,25.485512556903757
817,20.224711774121886
818,6.191129640279939
819,32.33561049033722
820,97.6044711375311
821,212.03722771980256
822,355.02743073465234
823,432.9226234755224
824,653.7248316362673
825,749.4465719897235
826,823.2722628097391
827,965.9368720340221
828,915.4405074874405
829,776.5836224249202
830,658.0079542742365
831,554.0490927936266
832,313.0552579205101
833,281.6298325903202
834,148.19382562102186
835,53.45971768529702
836,26.38242037707704
837,21.66300980620207
838,22.684605373411273
839,18.39908317360539
840,17.163007193762326
841,16.341006249279474
842,10.063159172671249
843,52.81646038894817
844,111.09681319954669
845,197.812050241905
846,327.2417408799882
847,450.1976993280373
848,583.3266578813673
849,709.0236778918888
850,818.1098974626509
851,569.3595055827034
852,587.2527630246157
853,647.85851573882
854,571.1123063442446
855,515.3853406601745
856,309.50925990254916
857,219.50756153120625
858,124.08032631723947
859,65.01955225339174
860,29.13241485791616
861,31.972362800935883
862,18.52792040469484
863,11.903736680732266
864,11.356139806651754
865,8.615876287468836
866,5.34590617567693
867,56.568299130319986
868,130.9226876137971
869,187.2807100996706
870,348.58970672683074
871,482.57103276226076
872,649.6014372015336
873,789.9743559893557
874,833.7319444679185
875,778.5879110614624
876,813.529033900974
877,782.3755444277341
878,691.8844830343227
879,527.0413409334815
880,353.416537124309
881,254.80455282516766
882,155.9991567194692
883,72.66662311392105
884,51.490378404917664
885,28.37886091303443
886,34.1078291527605
887,19.516177092863188
888,17.577094325368762
889,12.983831302978501
890,11.812670313914282
891,22.56174485432865
892,40.229204890275895
893,37.51924473829564
894,56.24469748599648
895,75.70836405583114
896,117.11251997276801
897,155.81408002434867
898,199.0737522314017
899,263.32629522700296
900,423.75072947453276
901,528.9541983679883
902,479.8628287225728
903,291.9662052863333
904,263.1242444325146
905,179.65602064484696
906,89.29453125107125
907,40.060872050493316
908,16.235016785296352
909,12.732776413613124
910,15.563691159972905
911,14.492013982546894
912,13.0099651356295
913,9.987460848570322
914,11.806540125436243
915,33.968756330691434
916,63.847748520418975
917,120.40275124533119
918,195.67463470234293
919,272.61388922297897
920,354.15957357493323
921,294.6594490066965
922,473.16656919521427
923,581.5721488490086
924,429.91577322522
925,516.5363839137527
926,434.52402067948265
927,312.26968953782745
928,110.51876243552954
929,114.26866678417099
930,93.0418735556076
931,36.892321058432884
932,17.351929932962094
933,11.103010588082839
934,10.878614191587076
935,9.174360844393163
936,12.388696886329342
937,5.301103223918801
938,6.617055110044191
939,24.25158157624213
940,34.1575843822516
941,34.00779607809733
942,123.73388400339877
943,172.19021338917085
944,326.5162757301494
945,455.8924158452611
946,418.56353559080577
947,387.9263314449806
948,396.568153064958
949,286.80095481685726
950,233.5396230745818
951,184.2300810693562
952,101.34170794756153
953,80.99851821375864
954,68.82594238298194
955,53.17210250068368
956,31.467522725642368
957,23.92112568855606
958,17.25409170828914
959,15.486674770686989
960,17.18054782347963
961,12.749032770609801
962,12.716958376387367
963,16.031007412092833
964,36.75017763506554
965,109.72248246410658
966,195.6700104920991
967,311.0992040622212
968,328.2963561604906
969,289.9780926691573
970,274.5127040485325
971,415.0032492866417
972,390.58091946565753
973,446.35517844879666
974,389.20463170487903
975,271.2060310917819
976,230.65065322308158
977,175.12438014754042
978,116.82208074512033
979,78.34724823815989
980,21.92607809256498
981,6.825119599002392
982,9.946786863086515
983,7.94965146561475
984,11.589417173974084
985,9.479251302326418
986,25.113437029835495
987,26.942167671897323
988,61.04418626959398
989,133.38488826909796
990,186.81637593907834
991,200.7874515060526
992,267.57873082955933
993,348.8833885304637
994,412.44685087942753
995,315.4047455030426
996,347.9149214945702
997,184.57254518961406
998,424.8087897505286
999,231.43222996313523
1000,99.36301317485075
1001,117.02720995242575
1002,73.49229705909684
1003,41.01592041329269
1004,21.443720044410327
1005,13.960658841299846
1006,21.313864889564343
1007,12.487550491923969
1008,1.5858700681921505
1009,8.085113296313523
1010,15.237800124334683
1011,24.431164906061724
1012,59.11809185048614
1013,125.57766983045153
1014,196.61475916390737
1015,279.2042102199496
1016,210.11771228236725
1017,343.33142343927227
1018,567.297006903842
1019,528.8405722013409
1020,312.4469157917778
1021,389.38536004502834
1022,358.53988440662965
1023,311.36492160490354
1024,184.1255677055912
1025,158.46758140001256
1026,97.41643595625723
1027,61.502784644246645
1028,19.709954101441326
1029,11.651474334568775
1030,5.689056978740098
1031,10.534695659420208
1032,8.12231410335744
1033,4.969409669836864
1034,17.026983184561345
1035,31.593111461117985
1036,69.47019014959949
1037,127.42123445873648
1038,146.73860962441933
1039,272.43680121738834
1040,310.93697293425095
1041,614.9809308524718
1042,593.4289397386091
1043,703.356264733982
1044,623.4181437521349
1045,474.0530039630254
1046,324.84754193450505
1047,222.58417154789174
1048,136.638287059073
1049,114.83447107452409
1050,69.41605645369185
1051,30.965452820849976
1052,9.59063567955451
1053,9.585306713262696
1054,11.098473426218163
1055,13.171120607357864
1056,11.420445987212588
1057,13.36896942453069
1058,13.36079223243155
1059,24.30442261646118
1060,47.65449196315291
1061,102.24290688696803
1062,154.39984806457574
1063,188.71364478737036
1064,200.68514224671554
1065,219.70251379336193
1066,337.5621101005324
1067,356.400794187086
1068,426.45025878792535
1069,414.7771828183767
1070,292.8605635986554
1071,206.62671951218613
1072,158.4880579136117
1073,129.43418247972212
1074,87.59975619496771
1075,56.334477305763386
1076,29.33361172639013
1077,18.556815035002785
1078,15.418115262700098
1079,13.759773989301777
1080,11.715168949853137
1081,10.921135356128275
1082,11.71404508579218
1083,30.406679170360576
1084,65.31450163934772
1085,102.64633604612976
1086,154.6169956720452
1087,164.337205565117
1088,227.2492606299611
1089,382.54446569810506
1090,538.3368579851345
1091,530.5927635627406
1092,539.4488858528831
1093,461.1562495136752
1094,351.17968061467406
1095,262.1023516262273
1096,186.25751018517332
1097,193.85436396163817
1098,115.46758788129321
1099,52.09002448243848
1100,20.7964192274722
1101,14.433400348605801
1102,13.446536778900054
1103,16.843506996285782
1104,9.515013642154088
1105,11.858637471682414
1106,22.216610146515734
1107,30.384571035275883
1108,57.274878652756854
1109,99.18447036835056
1110,128.94821192157278
1111,151.43720243319268
1112,195.1661501220363
1113,218.3552724763203
1114,357.2926174461526
1115,417.32332053695313
1116,503.1585133744828
1117,418.5593394021157
1118,228.87751833064678
1119,249.54344958157708
1120,178.3019356916995
1121,163.28608314914055
1122,120.60901000085659
1123,71.63357250370632
1124,26.620315349512452
1125,3.613446578358662
1126,-4.6295136297248405
1127,3.1562519536138893
1128,11.250006698241918
1129,12.494904572620442
1130,26.437831118299584
1131,70.5041315939826
1132,155.86533432842177
1133,305.47463484862925
1134,482.019261244184
1135,663.6206174555036
1136,803.4608284794917
1137,993.5164276156321
1138,1039.3583257080668
1139,962.5239100503823
1140,946.5566748232417
1141,803.4896290060477
1142,693.3117308780561
1143,552.9913655785317
1144,446.5758094344659
1145,293.6817162360564
1146,151.4001961898246
1147,79.2486942711665
1148,43.876620197375814
1149,33.21269519176417
1150,14.543113155475169
1151,18.89424630773209
1152,27.789292960775583
1153,27.5223633783246
1154,33.52855246159044
1155,77.15255387079637
1156,135.27282168628943
1157,253.40172762466835
1158,365.66584448310425
1159,449.7434778827486
1160,613.2856430669608
1161,741.8178466912555
1162,753.3424650591858
1163,643.4726729739775
1164,182.28287405683741
1165,300.32941874569656
1166,370.0805872148515
1167,311.21866168567266
1168,249.68604330276992
1169,158.2668786793783
1170,119.93120777976398
1171,67.22720627147606
1172,36.433168425449594
1173,27.314136863890496
1174,21.183038686868827
1175,18.88670821096315
1176,16.50940263721941
1177,18.90513324203698
1178,34.501136076573005
1179,53.27673077641248
1180,99.43651935843184
1181,178.8777148944154
1182,346.9664485854656
1183,411.7279960987202
1184,451.4496118483071
1185,696.924256620543
1186,635.0656595538592
1187,755.7913458139815
1188,802.863591393328
1189,761.0915600522076
1190,635.940720138339
1191,539.9451358812911
1192,380.0180377612749
1193,305.9351345224644
1194,161.7565160271445
1195,90.29600076470783
1196,61.17963060343246
1197,44.215184040586024
1198,22.3354707518223
1199,19.4322063091318
1200,31.77962382520556
1201,30.139392516337466
1202,51.14518723782203
1203,70.23096666274458
1204,139.74168494713263
1205,228.46516340762716
1206,230.41575153593678
1207,409.41417974838845
1208,489.02813205264886
1209,734.1577295022
1210,869.4071753715073
1211,895.9994307672581
1212,892.68174108849
1213,761.828985792094
1214,632.1855463975292
1215,606.2786305506934
1216,414.30877874266054
1217,313.052190337825
1218,171.04528156037003
1219,105.14620213701531
1220,50.399670256840835
1221,42.83354771655539
1222,47.323877689401854
1223,42.02228672162357
1224,35.7010573475597
1225,24.26119590717599
1226,54.886518953631565
1227,61.35856357826361
1228,120.42207491146883
1229,211.5908985268662
1230,369.43749835001745
1231,466.16963188602483
1232,582.2741927435779
1233,783.8986498631903
1234,815.1433376619623
1235,811.0723807613847
1236,653.3834549723592
1237,666.6210933127852
1238,602.0811168595826
1239,402.16051899691286
1240,327.24134148154457
1241,204.97024642120726
1242,126.4055331099996
1243,81.52709059816183
1244,56.66905191639688
1245,46.580710885243064
1246,38.44918206871509
1247,28.57621304644192
1248,39.25353139924292
1249,28.78818013731359
1250,42.35923381908299
1251,35.13580299362354
1252,73.1956271182834
1253,145.3153616538942
1254,194.07648022799054
1255,246.59376325217252
1256,305.262111281291
1257,206.2707449563604
1258,206.25323110735084
1259,558.4209660425731
1260,736.9556827897727
1261,903.8359470421043
1262,674.6729518798759
1263,548.8892768548799
1264,386.16867416258185
1265,256.56528404827463
1266,174.62147055821302
1267,100.51885355304515
1268,62.74753763353266
1269,49.159691468809
1270,41.1400912570374
1271,31.230926101286855
1272,17.174689020971982
1273,11.332123296566749
1274,33.466859702160264
1275,56.793997488598194
1276,45.22568477888541
1277,55.33585031475127
1278,102.59361917310582
1279,117.46742911094125
1280,211.14331620166786
1281,229.81170538508798
1282,286.7210545639534
1283,312.5267339858591
1284,258.5962884547056
1285,315.5075477652288
1286,374.4880374898778
1287,394.70714062573
1288,312.2048359744914
1289,234.43250544328077
1290,124.30371657633998
1291,78.58248610496375
1292,37.45310008491293
1293,18.61573822074166
1294,16.342419564078853
1295,14.129372796203143
1296,35.851260380797754
1297,35.52663352955773
1298,53.955745151814625
1299,84.94334196470041
1300,152.2501806770389
1301,254.39952526747206
1302,376.2196108893936
1303,515.6779162892494
1304,632.9874098262969
1305,725.7677743095092
1306,810.6651831474218
1307,880.7990904356158
1308,789.5858406375917
1309,752.3692754371291
1310,544.7376486847684
1311,476.28047656752994
1312,320.06908557116
1313,208.68950019246273
1314,151.5767672111775
1315,62.220538897970556
1316,60.00738860910252
1317,16.969990613814332
1318,8.13127725725559
1319,13.662912120734973
1320,23.917007614326906
1321,16.19797264557718
1322,26.79707587173891
1323,66.90765377312601
1324,123.48625642383988
1325,229.91128736032522
1326,405.9519769444586
1327,453.0885604886919
1328,668.0703171054722
1329,747.5716612817937
1330,811.7329411975203
1331,896.2155041670285
1332,803.6590912829381
1333,759.3523666626118
1334,539.2633522711739
1335,408.90407727217814
1336,409.23630694083045
1337,272.4053092600578
1338,177.32522055667567
1339,99.65877560229586
1340,63.123354453683504
1341,47.0863050141466
1342,48.4518053878985
1343,44.04108142078343
1344,41.3097938127097
1345,40.907979887625686
1346,52.83457415388088
1347,72.86118852501528
1348,127.13633496348595
1349,152.8688215008426
1350,163.55022765634362
1351,94.90820000475566
1352,69.52783880460717
1353,211.29252829311542
1354,268.7295217244901
1355,276.29989824334626
1356,274.2834290068786
1357,284.4674559430955
1358,186.76442023231493
1359,153.4708926603663
1360,178.1955895964229
1361,128.05480127820712
1362,76.38910904773095
1363,49.303477390660106
1364,33.274486706794875
1365,26.241413817916282
1366,13.127116287346098
1367,36.45675530302037
1368,37.95287091421599
1369,42.44107301245458
1370,33.67554380473922
1371,43.8482958093783
1372,62.45816981416536
1373,52.35192602619517
1374,57.32680663929864
1375,110.36408565030914
1376,157.14644082742043
1377,144.27626753125108
1378,186.1456537542167
1379,231.7531596372795
1380,206.14317388260588
1381,242.3036481942572
1382,200.81063764109592
1383,197.91769688140707
1384,170.36432114586526
1385,137.54443970187776
1386,99.16989765869437
1387,57.94736956186921
1388,29.165472430277077
1389,19.353966073729907
1390,17.230584607531853
1391,20.149004142554986
1392,32.389565228928774
1393,29.791903477733626
1394,47.700531350712424
1395,73.58781529918107
1396,129.17087235011297
1397,183.6138578006811
1398,297.9582138280635
1399,268.1078794111122
1400,319.7478006148249
1401,574.6803210669414
1402,707.0705354865494
1403,846.2721984807345
1404,703.5010121562175
1405,692.1042340491817
1406,507.79194557254607
1407,304.8458048468871
1408,213.1006685926033
1409,116.38534762938232
1410,139.39219633216052
1411,80.45908413752932
1412,45.67885711227032
1413,26.177953751704024
1414,25.589304778139706
1415,31.8852000650391
1416,47.03384070000786
1417,43.64920440217844
1418,52.53488811453772
1419,55.23810903697404
1420,71.37440978334811
1421,104.02515161032619
1422,87.29216825190753
1423,68.50499863358206
1424,38.58708125816909
1425,164.5430626143312
1426,400.30981834619024
1427,563.1200404410379
1428,384.74623201351307
1429,482.4841909009551
1430,420.5878384097852
1431,235.24768108125204
1432,173.07076113751407
1433,185.7937526336196
1434,114.11269822063642
1435,80.79870611908336
1436,31.182569367650785
1437,19.336932431046137
1438,15.233558752012073
1439,17.556911202846777
1440,-2.947787478797295
1441,-2.3907908405749367
1442,-0.7978284520401075
1443,-2.3936388403774345
1444,19.730980953563517
1445,69.16216637307687
1446,185.8412474528952
1447,281.0870746235655
1448,377.79794751331576
1449,419.0210842252676
1450,505.26227387959557
1451,512.0604080367468
1452,408.74274697973783
1453,177.1221929246824
1454,311.6029335769906
1455,305.1030508368169
1456,179.09185953934582
1457,147.01582948673712
1458,73.54399588033681
1459,13.44769570232421
1460,4.742330863616132
1461,1.4851596098893651
1462,3.7354993516428294
1463,1.8443348300630191
1464,3.4283083632126363
1465,2.180597930832846
1466,1.3334420642067357
1467,1.7587310498541342
1468,38.10610337275625
1469,124.86061708151189
1470,236.1572590190913
1471,299.5831211458927
1472,441.2390354375327
1473,507.2346974248181
1474,696.929042144839
1475,589.8694722446663
1476,543.4998531564215
1477,686.0406164374266
1478,625.6120087492363
1479,406.19405299605626
1480,342.1309230542883
1481,150.28499114914334
1482,92.14086374441007
1483,21.32155997419045
1484,2.6575678954044974
1485,-4.202439016199264
1486,-1.5133802278389226
1487,-3.0271572052595843
1488,4.869495353264654
1489,3.36457734136485
1490,4.705357192199699
1491,25.68022287926499
1492,67.98023728004253
1493,153.3789911708149
1494,290.6827502972855
1495,422.92790391389985
1496,609.3072173395087
1497,710.6168376205696
1498,801.3272269897948
1499,933.1048263938474
1500,953.1988809872704
1501,797.4290592292757
1502,664.2888650607804
1503,476.23690157400944
1504,274.79146724150763
1505,186.6561563278158
1506,104.08337679510896
1507,41.622306667768214
1508,13.164400742434168
1509,6.436227852772106
1510,5.3808735980033475
1511,4.118040787169662
1512,1.9904621064592902
1513,1.8361079410777847
1514,3.8940931831404555
1515,16.289931694306347
1516,57.979791776707486
1517,131.8797243344895
1518,311.2651588455572
1519,452.6440687675775
1520,576.416310180992
1521,495.4628694814729
1522,664.7680265990027
1523,655.7718892295479
1524,705.0532413177517
1525,429.7204231535451
1526,465.8125435115945
1527,501.43848481472185
1528,347.4424303211373
1529,223.74818625721318
1530,99.80604662976103
1531,42.65722874620997
1532,5.645176646587402
1533,-4.0182115105805565
1534,0.6625065235504053
1535,3.2479156233494564
1536,8.121649307847122
1537,6.022883553456836
1538,-3.8066885770863905
1539,23.98038351991414
1540,74.22829005262133
1541,156.92833379813294
1542,312.0458747122543
1543,435.8637969280006
1544,643.6151579815905
1545,657.9118770481325
1546,724.4002406038059
1547,880.1014906984481
1548,835.4272264643943
1549,801.619558336179
1550,625.8824811858822
1551,503.96323564245426
1552,292.8926901547445
1553,251.03707909446783
1554,143.8489387260046
1555,59.13438452128591
1556,5.402993244469087
1557,-0.6521591449342736
1558,0.25394348783584064
1559,10.102538196469538
1560,7.637610075013811
1561,1.4767465723100486
1562,7.695565633639092
1563,25.161233094716238
1564,86.43855879650019
1565,145.6130516968637
1566,307.2477070668017
1567,425.5043522856405
1568,546.8707187236441
1569,637.6528939081184
1570,693.2844220876743
1571,598.0145563316755
1572,617.9632443662513
1573,567.510397304234
1574,538.451284030747
1575,509.7542890250718
1576,345.6078192038486
1577,222.02050791032246
1578,123.18654319130678
1579,59.779999182796075
1580,14.92771997901184
1581,15.803494755552833
1582,11.437446650609388
1583,5.620528020718609
1584,6.618561243901638
1585,-5.899584001484129
1586,1.7082111322298488
1587,31.171873077690066
1588,87.37613212385614
1589,137.75914871816227
1590,325.28006975979264
1591,446.5887089753357
1592,596.2495004251307
1593,724.5081000980533
1594,767.2303216018289
1595,794.6497943508286
1596,826.3695333813736
1597,821.9137846113744
1598,685.3049313006779
1599,508.06315942452875
1600,325.50631880292747
1601,243.8472827195033
1602,139.22021438868393
1603,69.57165966765396
1604,34.69947173326287
1605,15.966941952174295
1606,17.6711813117289
1607,9.0176733626908
1608,4.202608733419879
1609,1.4935340210773234
1610,0.604814001642012
1611,10.023557596364242
1612,29.731228286339046
1613,27.561446663019296
1614,59.50252138790458
1615,76.80101929065842
1616,115.36181574149023
1617,154.58052799160444
1618,204.88037478979803
1619,276.57115032953703
1620,384.50257691051803
1621,544.7272631191213
1622,474.44293440511905
1623,247.19357520386973
1624,251.6002155548139
1625,156.9820201248521
1626,93.98777709633288
1627,44.74132511534026
1628,6.942631373563529
1629,9.537543310056947
1630,10.683709348560683
1631,10.60561707540569
1632,7.4186982884288
1633,6.954345811959513
1634,4.825841290349786
1635,27.001517767656537
1636,53.578145143956334
1637,106.09906056203044
1638,195.50660081710686
1639,334.5333120689981
1640,427.9858220559271
1641,507.2500078607046
1642,476.795109081633
1643,629.0208587807701
1644,486.41768197375416
1645,551.9668976739433
1646,446.6233323556984
1647,261.97101777346677
1648,122.45758080935951
1649,125.89099565995639
1650,82.37574976371349
1651,26.01372993776272
1652,8.192528677141297
1653,6.906598200793212
1654,5.351132961687199
1655,1.7057125411541847
1656,3.644411104208075
1657,3.4116423925560184
1658,1.0667824354225672
1659,19.452330846350662
1660,29.875706996686574
1661,35.47555753614833
1662,123.04274749453151
1663,169.1691906794016
1664,344.8173181653335
1665,419.3050767692622
1666,319.935857966461
1667,320.7547489952534
1668,320.3759707171732
1669,269.0422528243454
1670,215.29500450096944
1671,166.61396223608165
1672,92.0354567019669
1673,71.43995550359006
1674,55.36033640137819
1675,35.17129076677659
1676,17.443716657475477
1677,10.401645537970126
1678,5.328402324622687
1679,3.950770865316997
1680,6.242948024731447
1681,5.882763900704674
1682,3.513977485445423
1683,11.973475797280116
1684,38.35433052466246
1685,91.60669621880237
1686,200.59744330411465
1687,292.3615253880243
1688,449.81134864020635
1689,323.5429209680639
1690,327.87467901621847
1691,403.85264953367437
1692,441.1288839076735
1693,446.2415731059637
1694,405.4429812390762
1695,302.5547493254709
1696,212.7411472044242
1697,189.19727549064993
1698,126.0491935551124
1699,79.12558746403803
1700,20.407823816985513
1701,4.956402093225506
1702,5.7927897250561955
1703,11.934402444526938
1704,7.56741228319413
1705,5.588481128279454
1706,11.533891573403139
1707,29.145340672613997
1708,58.277281742934434
1709,139.34418320551853
1710,198.9638909362132
1711,209.86060629022973
1712,284.1961652941197
1713,370.4027935733649
1714,415.9122890487747
1715,389.0114908618312
1716,353.7809213341461
1717,283.895662659591
1718,304.0452735185711
1719,253.91396572216863
1720,131.62719917536432
1721,137.9424191329763
1722,70.22370285541774
1723,33.77185601660091
1724,17.223469066406267
1725,11.994771028806667
1726,8.102194502807208
1727,5.401910741903805
1728,1.6022799798391816
1729,3.5577089164946187
1730,0.14207753748883079
1731,25.153099965413162
1732,56.89407253942625
1733,100.372057038348
1734,199.2271450676172
1735,303.14615075724845
1736,262.43834473850893
1737,361.07005585193167
1738,491.83829462569815
1739,470.5320016353317
1740,366.57995885783794
1741,538.756054693782
1742,336.4198390261838
1743,325.51281499604124
1744,171.13115675941071
1745,168.55913437624014
1746,102.48065821363218
1747,55.47681784033463
1748,11.059834556699627
1749,7.993918847261682
1750,2.0325148255277554
1751,5.489090902284204
1752,4.881038769776637
1753,4.55979564324457
1754,4.6699133628940785
1755,27.30880050470796
1756,75.10471728957671
1757,139.7803545152631
1758,197.4583873454465
1759,245.4200485063833
1760,323.24696283214604
1761,425.61465967486964
1762,417.463706705791
1763,536.356852314271
1764,502.84752929306967
1765,374.7780054255669
1766,275.5539423457863
1767,185.8537215521477
1768,149.52741841207208
1769,113.72234111652028
1770,61.78443465392476
1771,28.570196795512118
1772,5.349689026845965
1773,1.8893262122621763
1774,1.5531575501974544
1775,8.747410242555304
1776,4.722710162686099
1777,3.4334552902349174
1778,2.1429197607059223
1779,14.966493418660377
1780,36.859345737804546
1781,76.9013540941599
1782,146.7527577051579
1783,182.57946278040777
1784,194.1473218380989
1785,251.50742267205646
1786,337.04572910209686
1787,456.9482753619753
1788,355.80613458469116
1789,461.8470406973776
1790,374.0081490682391
1791,238.717931953574
1792,157.70125802658137
1793,122.14015617505311
1794,79.34270188508518
1795,44.660765733261314
1796,17.56693226554114
1797,6.663843422081129
1798,3.976854509759903
1799,5.192539983272184
1800,5.826628250121587
1801,3.6262293242207306
1802,3.9404636043005326
1803,23.266328690252692
1804,53.883512918728655
1805,95.58927813818835
1806,139.66635748508753
1807,176.01430488653085
1808,228.72521133410436
1809,439.4455285202348
1810,595.7997444876949
1811,613.5315865532966
1812,511.89913022018203
1813,500.91392484798007
1814,394.12168340462136
1815,259.66210471193386
1816,192.00936624836044
1817,218.88679797766062
1818,125.08053099690395
1819,49.4549019195278
1820,7.857668884260704
1821,3.121225972430466
1822,4.901582137875494
1823,5.354688885225869
1824,4.8612254404337705
1825,2.4620084809769764
1826,6.154579953322752
1827,20.385701995706825
1828,51.449829778576515
1829,92.70413052316135
1830,133.21887570025612
1831,152.4296111113465
1832,189.1643358082858
1833,254.05108328701866
1834,315.6055629127677
1835,476.4308038953384
1836,374.0960872772488
1837,432.73805103149516
1838,349.7061647937472
1839,254.983127661098
1840,158.64656340947846
1841,139.70422973637562
1842,117.98120650777022
1843,83.91749048836252
1844,31.088222421829187
1845,-7.578469889821292
1846,-3.6749465906850673
1847,1.6085604672333602
1848,4.037134111546322
1849,7.034767628483621
1850,7.140073574441885
1851,45.0898777219154
1852,135.16655559327768
1853,253.19160375863777
1854,393.66874085044833
1855,560.1318751317395
1856,695.4948126266004
1857,848.9286559575402
1858,894.0083404352903
1859,879.6503147484462
1860,896.9254763444831
1861,822.6010584621685
1862,672.6568687887038
1863,570.1306049639586
1864,404.6651864355665
1865,295.38778149061494
1866,154.5700606472342
1867,76.62053637960182
1868,39.157735661060286
1869,27.25047627180618
1870,10.126474782346463
1871,7.950996750067134
1872,13.188151105120653
1873,6.335950926421333
1874,10.220042867654342
1875,48.264762041172446
1876,104.36351986515348
1877,195.86032772859645
1878,360.9708696095588
1879,510.4961886079342
1880,582.5271804067762
1881,758.2547845380693
1882,683.5934609636392
1883,667.8877089719296
1884,364.78190736527233
1885,352.05723072902913
1886,380.4535232773405
1887,332.2060495130745
1888,303.4453946892801
1889,203.70470436392642
1890,106.86515318141315
1891,56.437817719416046
1892,23.413647742347166
1893,20.269399234976333
1894,15.441249632428878
1895,8.783851024393186
1896,8.927897044312544
1897,11.261119077029548
1898,10.671687543816233
1899,35.14131228511144
1900,74.18558042911229
1901,152.56252792611212
1902,323.02834156145195
1903,410.53581154231915
1904,583.098615475795
1905,680.4755495383762
1906,729.0712431960192
1907,577.043757245739
1908,750.1290535912017
1909,647.9116614979687
1910,625.6901181393644
1911,535.5108596230382
1912,377.6889810988888
1913,287.10619172177286
1914,155.05276242358127
1915,90.97983688062206
1916,52.12667517607949
1917,36.12395052977644
1918,20.345123910724
1919,12.607644572508434
1920,17.02900899949634
1921,17.844981056291203
1922,18.72493584275395
1923,60.35740172359644
1924,108.88869919942064
1925,201.05511284938677
1926,205.45156200019008
1927,415.5568760195339
1928,493.53694430432984
1929,739.9736411726618
1930,840.1652270074748
1931,881.0683688353938
1932,905.1771786757051
1933,788.2325784425444
1934,631.118981437189
1935,580.7786457533039
1936,446.2926541684455
1937,340.2497114651387
1938,195.7965887282473
1939,101.54966615892681
1940,47.211088290373965
1941,27.266064164142847
1942,23.213244647688214
1943,16.618116419955243
1944,13.057660707814648
1945,16.42822525989402
1946,13.547631779027142
1947,58.06768869468593
1948,87.58859847153894
1949,199.31952622318417
1950,352.1961179629159
1951,467.27199402058193
1952,590.3843386065411
1953,734.6485531539073
1954,804.043246989631
1955,791.2407626908132
1956,497.68934656208427
1957,737.458239424566
1958,650.1055481411904
1959,409.75349709590233
1960,242.3513388999095
1961,168.25631508302578
1962,63.084303803205785
1963,55.01135725587372
1964,0.9669138565306525
1965,19.965926360104447
1966,11.693943299472721
1967,16.781640503799622
1968,11.51513481266278
1969,15.683465969301437
1970,5.389782100517323
1971,2.0940784710658136
1972,38.96001861333022
1973,104.06098676793601
1974,147.74248325688072
1975,198.83586087996252
1976,242.21099033566543
1977,225.94957535743197
1978,159.522521752641
1979,536.0615297978451
1980,689.4581202560096
1981,714.0028894081504
1982,651.4329077281943
1983,579.285239401208
1984,370.6010897457677
1985,278.9974258565132
1986,173.12794677687174
1987,96.82022575411264
1988,58.18790395935076
1989,35.688310950683814
1990,16.44157229592588
1991,16.59453790161689
1992,-10.328658262129352
1993,-10.627941496591859
1994,5.030593713927601
1995,28.151611839358623
1996,41.810390394665774
1997,46.02241760398741
1998,78.54153623444034
1999,94.97369833717431
2000,155.02491089211554
2001,232.765123764001
2002,263.71029597431016
2003,279.6658708994867
2004,273.0669097108953
2005,307.5429979258245
2006,511.6547626765108
2007,449.84668793688746
2008,345.7611699765177
2009,227.3602726968987
2010,127.05094931109613
2011,76.43566080536331
2012,27.914088898496686
2013,0.42570348580210293
2014,8.666804968564918
2015,1.268139861667521
2016,17.282117034164344
2017,16.85190394079183
2018,11.337724719657672
2019,56.97533851071333
2020,126.1420172106514
2021,202.44554338055613
2022,323.25452472935416
2023,519.4076567337039
2024,637.0113006852039
2025,702.2936262737912
2026,884.4843458835439
2027,898.811537010608
2028,872.306160180243
2029,731.5207978311171
2030,564.0716029050737
2031,399.93607139156626
2032,365.3583503483068
2033,178.33667971515183
2034,102.21090616560085
2035,59.88223582337258
2036,30.538041257444775
2037,16.236787190971313
2038,-7.368020873211094
2039,-0.6039448551131841
2040,-1.1379429736629731
2041,-1.0963290211163894
2042,5.404827872838894
2043,42.97080335945978
2044,92.61593454101367
2045,191.1847368705776
2046,369.9552625943834
2047,434.88941684299243
2048,663.1282494724189
2049,536.3084333184393
2050,750.0358246467367
2051,872.9029604067017
2052,890.9635032032054
2053,791.7950859534521
2054,628.1674009033729
2055,431.2020086396102
2056,341.11423454924227
2057,300.02457034259015
2058,154.78831041194363
2059,92.22224757689742
2060,47.64044218294282
2061,22.277954535975027
2062,16.60040894011439
2063,19.88227234319237
2064,19.11685065909319
2065,19.322141064936716
2066,21.81331666549528
2067,56.263733910985735
2068,105.40005127402196
2069,153.46218419151032
2070,191.36536679427087
2071,163.161169428868
2072,106.18800426914635
2073,212.3709022942583
2074,316.9845231349289
2075,278.5303832295085
2076,233.37480271461942
2077,267.3342736746278
2078,244.88978305290462
2079,228.54775812321026
2080,160.9660887782434
2081,115.6478009794454
2082,65.09863959680814
2083,29.678848918420215
2084,13.066974560452024
2085,10.356478655301032
2086,2.891019610204239
2087,10.777855079415986
2088,7.1898000896871395
2089,5.245721419310485
2090,4.242052212563237
2091,22.224385177721842
2092,45.57957110282754
2093,35.55732129464778
2094,57.63250133844838
2095,100.17180597579636
2096,124.28359385963623
2097,127.60247420159678
2098,193.549272851575
2099,206.80470270932307
2100,227.42319139407832
2101,243.84155123546208
2102,234.92892172752744
2103,189.95732474260063
2104,144.40454605974747
2105,129.62959295971214
2106,84.7432508052386
2107,42.858042660068264
2108,20.15606268096485
2109,9.785958673849109
2110,4.946825219155244
2111,5.182190289993287
2112,20.252937411989365
2113,20.650412037815784
2114,13.873522461037055
2115,43.70819034725159
2116,88.53981457521223
2117,160.93499537306937
2118,290.78289174658505
2119,259.79969431704814
2120,394.5865917525863
2121,559.3863906513986
2122,690.665009428893
2123,662.1467635874708
2124,694.7295138943842
2125,593.5396370109255
2126,572.3977683292198
2127,239.36702685449944
2128,128.6114689189869
2129,147.6706194949725
2130,140.17072577028648
2131,70.83873703684847
2132,35.96964337619556
2133,13.866220767906839
2134,14.449814246968685
2135,19.817252410512538
2136,32.60771636369478
2137,20.922208656495286
2138,17.633336335490526
2139,34.0196371558236
2140,54.987882222712045
2141,57.23911025271903
2142,47.89028140799377
2143,112.95209317287137
2144,85.30852455504748
2145,141.172286480113
2146,297.14364457843766
2147,452.52661546588115
2148,574.6794074955212
2149,604.8224174496556
2150,401.67478563388147
2151,197.16500377447244
2152,182.05384636877955
2153,156.21367949257672
2154,111.87676767870587
2155,65.66215976541446
2156,26.54997096545617
2157,8.484369592956398
2158,0.6287503380503381
2159,3.02076698881001
